numbers,file_path
0,media/kills_only/loop_00000.jpg
n,media/kills_only/loop_00001.jpg
2,media/kills_only/loop_00002.jpg
2,media/kills_only/loop_00003.jpg
2,media/kills_only/loop_00004.jpg
3,media/kills_only/loop_00005.jpg
3,media/kills_only/loop_00006.jpg
3,media/kills_only/loop_00007.jpg
3,media/kills_only/loop_00008.jpg
3,media/kills_only/loop_00009.jpg
3,media/kills_only/loop_00010.jpg
3,media/kills_only/loop_00011.jpg
3,media/kills_only/loop_00012.jpg
3,media/kills_only/loop_00013.jpg
3,media/kills_only/loop_00014.jpg
3,media/kills_only/loop_00015.jpg
3,media/kills_only/loop_00016.jpg
3,media/kills_only/loop_00017.jpg
3,media/kills_only/loop_00018.jpg
4,media/kills_only/loop_00019.jpg
4,media/kills_only/loop_00020.jpg
4,media/kills_only/loop_00021.jpg
4,media/kills_only/loop_00022.jpg
4,media/kills_only/loop_00023.jpg
4,media/kills_only/loop_00024.jpg
4,media/kills_only/loop_00025.jpg
4,media/kills_only/loop_00026.jpg
4,media/kills_only/loop_00027.jpg
4,media/kills_only/loop_00028.jpg
4,media/kills_only/loop_00029.jpg
4,media/kills_only/loop_00030.jpg
4,media/kills_only/loop_00031.jpg
n,media/kills_only/loop_00032.jpg
n,media/kills_only/loop_00033.jpg
4,media/kills_only/loop_00034.jpg
4,media/kills_only/loop_00035.jpg
4,media/kills_only/loop_00036.jpg
4,media/kills_only/loop_00037.jpg
4,media/kills_only/loop_00038.jpg
n,media/kills_only/loop_00039.jpg
4,media/kills_only/loop_00040.jpg
4,media/kills_only/loop_00041.jpg
0,media/kills_only/loop_00042.jpg
0,media/kills_only/loop_00043.jpg
0,media/kills_only/loop_00044.jpg
n,media/kills_only/loop_00045.jpg
n,media/kills_only/loop_00046.jpg
0,media/kills_only/loop_00047.jpg
0,media/kills_only/loop_00048.jpg
0,media/kills_only/loop_00049.jpg
0,media/kills_only/loop_00050.jpg
0,media/kills_only/loop_00051.jpg
0,media/kills_only/loop_00052.jpg
0,media/kills_only/loop_00053.jpg
0,media/kills_only/loop_00054.jpg
e,media/kills_only/loop_00055.jpg
0,media/kills_only/loop_00056.jpg
0,media/kills_only/loop_00057.jpg
e,media/kills_only/loop_00058.jpg
e,media/kills_only/loop_00059.jpg
0,media/kills_only/loop_00060.jpg
0,media/kills_only/loop_00061.jpg
0,media/kills_only/loop_00062.jpg
e,media/kills_only/loop_00063.jpg
0,media/kills_only/loop_00064.jpg
0,media/kills_only/loop_00065.jpg
0,media/kills_only/loop_00066.jpg
0,media/kills_only/loop_00067.jpg
0,media/kills_only/loop_00068.jpg
0,media/kills_only/loop_00069.jpg
0,media/kills_only/loop_00070.jpg
0,media/kills_only/loop_00071.jpg
0,media/kills_only/loop_00072.jpg
0,media/kills_only/loop_00073.jpg
0,media/kills_only/loop_00074.jpg
0,media/kills_only/loop_00075.jpg
0,media/kills_only/loop_00076.jpg
0,media/kills_only/loop_00077.jpg
0,media/kills_only/loop_00078.jpg
0,media/kills_only/loop_00079.jpg
1,media/kills_only/loop_00080.jpg
1,media/kills_only/loop_00081.jpg
n,media/kills_only/loop_00082.jpg
1,media/kills_only/loop_00083.jpg
1,media/kills_only/loop_00084.jpg
1,media/kills_only/loop_00085.jpg
1,media/kills_only/loop_00086.jpg
1,media/kills_only/loop_00087.jpg
n,media/kills_only/loop_00088.jpg
n,media/kills_only/loop_00089.jpg
21,media/kills_only/loop_00090.jpg
21,media/kills_only/loop_00091.jpg
21,media/kills_only/loop_00092.jpg
n,media/kills_only/loop_00093.jpg
0,media/kills_only/loop_00094.jpg
0,media/kills_only/loop_00095.jpg
0,media/kills_only/loop_00096.jpg
0,media/kills_only/loop_00097.jpg
0,media/kills_only/loop_00098.jpg
0,media/kills_only/loop_00099.jpg
0,media/kills_only/loop_00100.jpg
0,media/kills_only/loop_00101.jpg
0,media/kills_only/loop_00102.jpg
0,media/kills_only/loop_00103.jpg
0,media/kills_only/loop_00104.jpg
0,media/kills_only/loop_00105.jpg
0,media/kills_only/loop_00106.jpg
0,media/kills_only/loop_00107.jpg
0,media/kills_only/loop_00108.jpg
0,media/kills_only/loop_00109.jpg
0,media/kills_only/loop_00110.jpg
0,media/kills_only/loop_00111.jpg
0,media/kills_only/loop_00112.jpg
0,media/kills_only/loop_00113.jpg
0,media/kills_only/loop_00114.jpg
0,media/kills_only/loop_00115.jpg
0,media/kills_only/loop_00116.jpg
1,media/kills_only/loop_00117.jpg
1,media/kills_only/loop_00118.jpg
1,media/kills_only/loop_00119.jpg
1,media/kills_only/loop_00120.jpg
1,media/kills_only/loop_00121.jpg
1,media/kills_only/loop_00122.jpg
1,media/kills_only/loop_00123.jpg
1,media/kills_only/loop_00124.jpg
e,media/kills_only/loop_00125.jpg
1,media/kills_only/loop_00126.jpg
1,media/kills_only/loop_00127.jpg
1,media/kills_only/loop_00128.jpg
1,media/kills_only/loop_00129.jpg
1,media/kills_only/loop_00130.jpg
1,media/kills_only/loop_00131.jpg
1,media/kills_only/loop_00132.jpg
1,media/kills_only/loop_00133.jpg
1,media/kills_only/loop_00134.jpg
1,media/kills_only/loop_00135.jpg
1,media/kills_only/loop_00136.jpg
1,media/kills_only/loop_00137.jpg
1,media/kills_only/loop_00138.jpg
1,media/kills_only/loop_00139.jpg
1,media/kills_only/loop_00140.jpg
1,media/kills_only/loop_00141.jpg
n,media/kills_only/loop_00142.jpg
1,media/kills_only/loop_00143.jpg
1,media/kills_only/loop_00144.jpg
e,media/kills_only/loop_00145.jpg
1,media/kills_only/loop_00146.jpg
1,media/kills_only/loop_00147.jpg
1,media/kills_only/loop_00148.jpg
1,media/kills_only/loop_00149.jpg
1,media/kills_only/loop_00150.jpg
1,media/kills_only/loop_00151.jpg
1,media/kills_only/loop_00152.jpg
1,media/kills_only/loop_00153.jpg
1,media/kills_only/loop_00154.jpg
1,media/kills_only/loop_00155.jpg
1,media/kills_only/loop_00156.jpg
1,media/kills_only/loop_00157.jpg
1,media/kills_only/loop_00158.jpg
1,media/kills_only/loop_00159.jpg
1,media/kills_only/loop_00160.jpg
1,media/kills_only/loop_00161.jpg
1,media/kills_only/loop_00162.jpg
1,media/kills_only/loop_00163.jpg
1,media/kills_only/loop_00164.jpg
1,media/kills_only/loop_00165.jpg
1,media/kills_only/loop_00166.jpg
1,media/kills_only/loop_00167.jpg
1,media/kills_only/loop_00168.jpg
1,media/kills_only/loop_00169.jpg
1,media/kills_only/loop_00170.jpg
1,media/kills_only/loop_00171.jpg
n,media/kills_only/loop_00172.jpg
n,media/kills_only/loop_00173.jpg
1,media/kills_only/loop_00174.jpg
n,media/kills_only/loop_00175.jpg
1,media/kills_only/loop_00176.jpg
1,media/kills_only/loop_00177.jpg
2,media/kills_only/loop_00178.jpg
2,media/kills_only/loop_00179.jpg
2,media/kills_only/loop_00180.jpg
n,media/kills_only/loop_00181.jpg
3,media/kills_only/loop_00182.jpg
3,media/kills_only/loop_00183.jpg
b,media/kills_only/loop_00184.jpg
n,media/kills_only/loop_00185.jpg
3,media/kills_only/loop_00186.jpg
3,media/kills_only/loop_00187.jpg
n,media/kills_only/loop_00188.jpg
3,media/kills_only/loop_00189.jpg
3,media/kills_only/loop_00190.jpg
3,media/kills_only/loop_00191.jpg
n,media/kills_only/loop_00192.jpg
3,media/kills_only/loop_00193.jpg
5,media/kills_only/loop_00194.jpg
5,media/kills_only/loop_00195.jpg
2,media/kills_only/loop_00196.jpg
2,media/kills_only/loop_00197.jpg
2,media/kills_only/loop_00198.jpg
2,media/kills_only/loop_00199.jpg
2,media/kills_only/loop_00200.jpg
2,media/kills_only/loop_00201.jpg
5,media/kills_only/loop_00202.jpg
5,media/kills_only/loop_00203.jpg
5,media/kills_only/loop_00204.jpg
5,media/kills_only/loop_00205.jpg
5,media/kills_only/loop_00206.jpg
5,media/kills_only/loop_00207.jpg
5,media/kills_only/loop_00208.jpg
5,media/kills_only/loop_00209.jpg
5,media/kills_only/loop_00210.jpg
5,media/kills_only/loop_00211.jpg
5,media/kills_only/loop_00212.jpg
5,media/kills_only/loop_00213.jpg
5,media/kills_only/loop_00214.jpg
5,media/kills_only/loop_00215.jpg
5,media/kills_only/loop_00216.jpg
5,media/kills_only/loop_00217.jpg
5,media/kills_only/loop_00218.jpg
5,media/kills_only/loop_00219.jpg
5,media/kills_only/loop_00220.jpg
5,media/kills_only/loop_00221.jpg
5,media/kills_only/loop_00222.jpg
5,media/kills_only/loop_00223.jpg
5,media/kills_only/loop_00224.jpg
5,media/kills_only/loop_00225.jpg
5,media/kills_only/loop_00226.jpg
5,media/kills_only/loop_00227.jpg
5,media/kills_only/loop_00228.jpg
5,media/kills_only/loop_00229.jpg
5,media/kills_only/loop_00230.jpg
5,media/kills_only/loop_00231.jpg
5,media/kills_only/loop_00232.jpg
5,media/kills_only/loop_00233.jpg
5,media/kills_only/loop_00234.jpg
5,media/kills_only/loop_00235.jpg
6,media/kills_only/loop_00236.jpg
6,media/kills_only/loop_00237.jpg
6,media/kills_only/loop_00238.jpg
6,media/kills_only/loop_00239.jpg
6,media/kills_only/loop_00240.jpg
n,media/kills_only/loop_00241.jpg
6,media/kills_only/loop_00242.jpg
6,media/kills_only/loop_00243.jpg
n,media/kills_only/loop_00244.jpg
0,media/kills_only/loop_00245.jpg
0,media/kills_only/loop_00246.jpg
n,media/kills_only/loop_00247.jpg
0,media/kills_only/loop_00248.jpg
0,media/kills_only/loop_00249.jpg
0,media/kills_only/loop_00250.jpg
0,media/kills_only/loop_00251.jpg
0,media/kills_only/loop_00252.jpg
0,media/kills_only/loop_00253.jpg
0,media/kills_only/loop_00254.jpg
0,media/kills_only/loop_00255.jpg
0,media/kills_only/loop_00256.jpg
n,media/kills_only/loop_00257.jpg
n,media/kills_only/loop_00258.jpg
0,media/kills_only/loop_00259.jpg
0,media/kills_only/loop_00260.jpg
0,media/kills_only/loop_00261.jpg
0,media/kills_only/loop_00262.jpg
0,media/kills_only/loop_00263.jpg
0,media/kills_only/loop_00264.jpg
0,media/kills_only/loop_00265.jpg
3,media/kills_only/loop_00266.jpg
4,media/kills_only/loop_00267.jpg
n,media/kills_only/loop_00268.jpg
4,media/kills_only/loop_00269.jpg
4,media/kills_only/loop_00270.jpg
5,media/kills_only/loop_00271.jpg
5,media/kills_only/loop_00272.jpg
5,media/kills_only/loop_00273.jpg
5,media/kills_only/loop_00274.jpg
5,media/kills_only/loop_00275.jpg
5,media/kills_only/loop_00276.jpg
5,media/kills_only/loop_00277.jpg
5,media/kills_only/loop_00278.jpg
5,media/kills_only/loop_00279.jpg
5,media/kills_only/loop_00280.jpg
5,media/kills_only/loop_00281.jpg
5,media/kills_only/loop_00282.jpg
5,media/kills_only/loop_00283.jpg
5,media/kills_only/loop_00284.jpg
5,media/kills_only/loop_00285.jpg
5,media/kills_only/loop_00286.jpg
5,media/kills_only/loop_00287.jpg
5,media/kills_only/loop_00288.jpg
5,media/kills_only/loop_00289.jpg
5,media/kills_only/loop_00290.jpg
5,media/kills_only/loop_00291.jpg
5,media/kills_only/loop_00292.jpg
5,media/kills_only/loop_00293.jpg
5,media/kills_only/loop_00294.jpg
5,media/kills_only/loop_00295.jpg
5,media/kills_only/loop_00296.jpg
5,media/kills_only/loop_00297.jpg
5,media/kills_only/loop_00298.jpg
5,media/kills_only/loop_00299.jpg
5,media/kills_only/loop_00300.jpg
5,media/kills_only/loop_00301.jpg
5,media/kills_only/loop_00302.jpg
5,media/kills_only/loop_00303.jpg
6,media/kills_only/loop_00304.jpg
6,media/kills_only/loop_00305.jpg
6,media/kills_only/loop_00306.jpg
6,media/kills_only/loop_00307.jpg
6,media/kills_only/loop_00308.jpg
6,media/kills_only/loop_00309.jpg
6,media/kills_only/loop_00310.jpg
6,media/kills_only/loop_00311.jpg
n,media/kills_only/loop_00312.jpg
6,media/kills_only/loop_00313.jpg
6,media/kills_only/loop_00314.jpg
6,media/kills_only/loop_00315.jpg
n,media/kills_only/loop_00316.jpg
6,media/kills_only/loop_00317.jpg
b,media/kills_only/loop_00318.jpg
6,media/kills_only/loop_00319.jpg
n,media/kills_only/loop_00320.jpg
n,media/kills_only/loop_00321.jpg
8,media/kills_only/loop_00322.jpg
8,media/kills_only/loop_00323.jpg
7,media/kills_only/loop_00324.jpg
7,media/kills_only/loop_00325.jpg
7,media/kills_only/loop_00326.jpg
7,media/kills_only/loop_00327.jpg
7,media/kills_only/loop_00328.jpg
n,media/kills_only/loop_00329.jpg
7,media/kills_only/loop_00330.jpg
n,media/kills_only/loop_00331.jpg
7,media/kills_only/loop_00332.jpg
4,media/kills_only/loop_00333.jpg
6,media/kills_only/loop_00334.jpg
b,media/kills_only/loop_00335.jpg
6,media/kills_only/loop_00336.jpg
n,media/kills_only/loop_00337.jpg
6,media/kills_only/loop_00338.jpg
6,media/kills_only/loop_00339.jpg
6,media/kills_only/loop_00340.jpg
n,media/kills_only/loop_00341.jpg
7,media/kills_only/loop_00342.jpg
7,media/kills_only/loop_00343.jpg
b,media/kills_only/loop_00344.jpg
7,media/kills_only/loop_00345.jpg
7,media/kills_only/loop_00346.jpg
7,media/kills_only/loop_00347.jpg
n,media/kills_only/loop_00348.jpg
7,media/kills_only/loop_00349.jpg
7,media/kills_only/loop_00350.jpg
8,media/kills_only/loop_00351.jpg
8,media/kills_only/loop_00352.jpg
8,media/kills_only/loop_00353.jpg
8,media/kills_only/loop_00354.jpg
8,media/kills_only/loop_00355.jpg
8,media/kills_only/loop_00356.jpg
8,media/kills_only/loop_00357.jpg
8,media/kills_only/loop_00358.jpg
8,media/kills_only/loop_00359.jpg
8,media/kills_only/loop_00360.jpg
8,media/kills_only/loop_00361.jpg
9,media/kills_only/loop_00362.jpg
9,media/kills_only/loop_00363.jpg
9,media/kills_only/loop_00364.jpg
10,media/kills_only/loop_00365.jpg
10,media/kills_only/loop_00366.jpg
10,media/kills_only/loop_00367.jpg
10,media/kills_only/loop_00368.jpg
10,media/kills_only/loop_00369.jpg
10,media/kills_only/loop_00370.jpg
n,media/kills_only/loop_00371.jpg
10,media/kills_only/loop_00372.jpg
10,media/kills_only/loop_00373.jpg
n,media/kills_only/loop_00374.jpg
n,media/kills_only/loop_00375.jpg
0,media/kills_only/loop_00376.jpg
0,media/kills_only/loop_00377.jpg
0,media/kills_only/loop_00378.jpg
0,media/kills_only/loop_00379.jpg
0,media/kills_only/loop_00380.jpg
0,media/kills_only/loop_00381.jpg
0,media/kills_only/loop_00382.jpg
0,media/kills_only/loop_00383.jpg
0,media/kills_only/loop_00384.jpg
n,media/kills_only/loop_00385.jpg
10,media/kills_only/loop_00386.jpg
11,media/kills_only/loop_00387.jpg
11,media/kills_only/loop_00388.jpg
11,media/kills_only/loop_00389.jpg
11,media/kills_only/loop_00390.jpg
11,media/kills_only/loop_00391.jpg
11,media/kills_only/loop_00392.jpg
11,media/kills_only/loop_00393.jpg
11,media/kills_only/loop_00394.jpg
11,media/kills_only/loop_00395.jpg
11,media/kills_only/loop_00396.jpg
11,media/kills_only/loop_00397.jpg
11,media/kills_only/loop_00398.jpg
11,media/kills_only/loop_00399.jpg
n,media/kills_only/loop_00400.jpg
11,media/kills_only/loop_00401.jpg
11,media/kills_only/loop_00402.jpg
11,media/kills_only/loop_00403.jpg
11,media/kills_only/loop_00404.jpg
11,media/kills_only/loop_00405.jpg
12,media/kills_only/loop_00406.jpg
12,media/kills_only/loop_00407.jpg
12,media/kills_only/loop_00408.jpg
12,media/kills_only/loop_00409.jpg
12,media/kills_only/loop_00410.jpg
12,media/kills_only/loop_00411.jpg
12,media/kills_only/loop_00412.jpg
12,media/kills_only/loop_00413.jpg
12,media/kills_only/loop_00414.jpg
12,media/kills_only/loop_00415.jpg
12,media/kills_only/loop_00416.jpg
12,media/kills_only/loop_00417.jpg
12,media/kills_only/loop_00418.jpg
5,media/kills_only/loop_00419.jpg
b,media/kills_only/loop_00420.jpg
5,media/kills_only/loop_00421.jpg
5,media/kills_only/loop_00422.jpg
5,media/kills_only/loop_00423.jpg
1,media/kills_only/loop_00424.jpg
1,media/kills_only/loop_00425.jpg
1,media/kills_only/loop_00426.jpg
1,media/kills_only/loop_00427.jpg
5,media/kills_only/loop_00428.jpg
5,media/kills_only/loop_00429.jpg
5,media/kills_only/loop_00430.jpg
b,media/kills_only/loop_00431.jpg
n,media/kills_only/loop_00432.jpg
5,media/kills_only/loop_00433.jpg
5,media/kills_only/loop_00434.jpg
5,media/kills_only/loop_00435.jpg
6,media/kills_only/loop_00436.jpg
6,media/kills_only/loop_00437.jpg
6,media/kills_only/loop_00438.jpg
6,media/kills_only/loop_00439.jpg
1,media/kills_only/loop_00440.jpg
b,media/kills_only/loop_00441.jpg
b,media/kills_only/loop_00442.jpg
b,media/kills_only/loop_00443.jpg
1,media/kills_only/loop_00444.jpg
6,media/kills_only/loop_00445.jpg
6,media/kills_only/loop_00446.jpg
6,media/kills_only/loop_00447.jpg
b,media/kills_only/loop_00448.jpg
6,media/kills_only/loop_00449.jpg
1,media/kills_only/loop_00450.jpg
6,media/kills_only/loop_00451.jpg
1,media/kills_only/loop_00452.jpg
1,media/kills_only/loop_00453.jpg
6,media/kills_only/loop_00454.jpg
1,media/kills_only/loop_00455.jpg
1,media/kills_only/loop_00456.jpg
1,media/kills_only/loop_00457.jpg
1,media/kills_only/loop_00458.jpg
1,media/kills_only/loop_00459.jpg
6,media/kills_only/loop_00460.jpg
6,media/kills_only/loop_00461.jpg
6,media/kills_only/loop_00462.jpg
b,media/kills_only/loop_00463.jpg
b,media/kills_only/loop_00464.jpg
1,media/kills_only/loop_00465.jpg
6,media/kills_only/loop_00466.jpg
b,media/kills_only/loop_00467.jpg
b,media/kills_only/loop_00468.jpg
1,media/kills_only/loop_00469.jpg
n,media/kills_only/loop_00470.jpg
1,media/kills_only/loop_00471.jpg
1,media/kills_only/loop_00472.jpg
n,media/kills_only/loop_00473.jpg
6,media/kills_only/loop_00474.jpg
6,media/kills_only/loop_00475.jpg
1,media/kills_only/loop_00476.jpg
1,media/kills_only/loop_00477.jpg
6,media/kills_only/loop_00478.jpg
6,media/kills_only/loop_00479.jpg
n,media/kills_only/loop_00480.jpg
6,media/kills_only/loop_00481.jpg
6,media/kills_only/loop_00482.jpg
b,media/kills_only/loop_00483.jpg
b,media/kills_only/loop_00484.jpg
b,media/kills_only/loop_00485.jpg
n,media/kills_only/loop_00486.jpg
6,media/kills_only/loop_00487.jpg
6,media/kills_only/loop_00488.jpg
n,media/kills_only/loop_00489.jpg
b,media/kills_only/loop_00490.jpg
b,media/kills_only/loop_00491.jpg
12,media/kills_only/loop_00492.jpg
12,media/kills_only/loop_00493.jpg
12,media/kills_only/loop_00494.jpg
12,media/kills_only/loop_00495.jpg
6,media/kills_only/loop_00496.jpg
14,media/kills_only/loop_00497.jpg
14,media/kills_only/loop_00498.jpg
15,media/kills_only/loop_00499.jpg
15,media/kills_only/loop_00500.jpg
e,media/kills_only/loop_00501.jpg
15,media/kills_only/loop_00502.jpg
15,media/kills_only/loop_00503.jpg
15,media/kills_only/loop_00504.jpg
15,media/kills_only/loop_00505.jpg
15,media/kills_only/loop_00506.jpg
15,media/kills_only/loop_00507.jpg
15,media/kills_only/loop_00508.jpg
15,media/kills_only/loop_00509.jpg
16,media/kills_only/loop_00510.jpg
16,media/kills_only/loop_00511.jpg
16,media/kills_only/loop_00512.jpg
16,media/kills_only/loop_00513.jpg
16,media/kills_only/loop_00514.jpg
16,media/kills_only/loop_00515.jpg
11,media/kills_only/loop_00516.jpg
11,media/kills_only/loop_00517.jpg
11,media/kills_only/loop_00518.jpg
11,media/kills_only/loop_00519.jpg
11,media/kills_only/loop_00520.jpg
11,media/kills_only/loop_00521.jpg
11,media/kills_only/loop_00522.jpg
11,media/kills_only/loop_00523.jpg
11,media/kills_only/loop_00524.jpg
11,media/kills_only/loop_00525.jpg
11,media/kills_only/loop_00526.jpg
11,media/kills_only/loop_00527.jpg
11,media/kills_only/loop_00528.jpg
11,media/kills_only/loop_00529.jpg
11,media/kills_only/loop_00530.jpg
11,media/kills_only/loop_00531.jpg
11,media/kills_only/loop_00532.jpg
11,media/kills_only/loop_00533.jpg
11,media/kills_only/loop_00534.jpg
11,media/kills_only/loop_00535.jpg
11,media/kills_only/loop_00536.jpg
11,media/kills_only/loop_00537.jpg
11,media/kills_only/loop_00538.jpg
11,media/kills_only/loop_00539.jpg
11,media/kills_only/loop_00540.jpg
11,media/kills_only/loop_00541.jpg
n,media/kills_only/loop_00542.jpg
11,media/kills_only/loop_00543.jpg
11,media/kills_only/loop_00544.jpg
11,media/kills_only/loop_00545.jpg
11,media/kills_only/loop_00546.jpg
11,media/kills_only/loop_00547.jpg
11,media/kills_only/loop_00548.jpg
11,media/kills_only/loop_00549.jpg
11,media/kills_only/loop_00550.jpg
11,media/kills_only/loop_00551.jpg
11,media/kills_only/loop_00552.jpg
n,media/kills_only/loop_00553.jpg
11,media/kills_only/loop_00554.jpg
11,media/kills_only/loop_00555.jpg
11,media/kills_only/loop_00556.jpg
11,media/kills_only/loop_00557.jpg
11,media/kills_only/loop_00558.jpg
11,media/kills_only/loop_00559.jpg
11,media/kills_only/loop_00560.jpg
n,media/kills_only/loop_00561.jpg
9,media/kills_only/loop_00562.jpg
9,media/kills_only/loop_00563.jpg
9,media/kills_only/loop_00564.jpg
n,media/kills_only/loop_00565.jpg
n,media/kills_only/loop_00566.jpg
b,media/kills_only/loop_00567.jpg
1,media/kills_only/loop_00568.jpg
n,media/kills_only/loop_00569.jpg
6,media/kills_only/loop_00570.jpg
6,media/kills_only/loop_00571.jpg
2,media/kills_only/loop_00572.jpg
2,media/kills_only/loop_00573.jpg
2,media/kills_only/loop_00574.jpg
2,media/kills_only/loop_00575.jpg
2,media/kills_only/loop_00576.jpg
2,media/kills_only/loop_00577.jpg
n,media/kills_only/loop_00578.jpg
n,media/kills_only/loop_00579.jpg
6,media/kills_only/loop_00580.jpg
6,media/kills_only/loop_00581.jpg
2,media/kills_only/loop_00582.jpg
n,media/kills_only/loop_00583.jpg
6,media/kills_only/loop_00584.jpg
6,media/kills_only/loop_00585.jpg
6,media/kills_only/loop_00586.jpg
n,media/kills_only/loop_00587.jpg
6,media/kills_only/loop_00588.jpg
6,media/kills_only/loop_00589.jpg
8,media/kills_only/loop_00590.jpg
6,media/kills_only/loop_00591.jpg
6,media/kills_only/loop_00592.jpg
6,media/kills_only/loop_00593.jpg
6,media/kills_only/loop_00594.jpg
6,media/kills_only/loop_00595.jpg
6,media/kills_only/loop_00596.jpg
6,media/kills_only/loop_00597.jpg
6,media/kills_only/loop_00598.jpg
6,media/kills_only/loop_00599.jpg
8,media/kills_only/loop_00600.jpg
6,media/kills_only/loop_00601.jpg
6,media/kills_only/loop_00602.jpg
6,media/kills_only/loop_00603.jpg
6,media/kills_only/loop_00604.jpg
6,media/kills_only/loop_00605.jpg
8,media/kills_only/loop_00606.jpg
6,media/kills_only/loop_00607.jpg
4,media/kills_only/loop_00608.jpg
4,media/kills_only/loop_00609.jpg
3,media/kills_only/loop_00610.jpg
3,media/kills_only/loop_00611.jpg
3,media/kills_only/loop_00612.jpg
3,media/kills_only/loop_00613.jpg
3,media/kills_only/loop_00614.jpg
3,media/kills_only/loop_00615.jpg
6,media/kills_only/loop_00616.jpg
6,media/kills_only/loop_00617.jpg
6,media/kills_only/loop_00618.jpg
6,media/kills_only/loop_00619.jpg
6,media/kills_only/loop_00620.jpg
6,media/kills_only/loop_00621.jpg
6,media/kills_only/loop_00622.jpg
8,media/kills_only/loop_00623.jpg
6,media/kills_only/loop_00624.jpg
8,media/kills_only/loop_00625.jpg
6,media/kills_only/loop_00626.jpg
2,media/kills_only/loop_00627.jpg
6,media/kills_only/loop_00628.jpg
n,media/kills_only/loop_00629.jpg
6,media/kills_only/loop_00630.jpg
9,media/kills_only/loop_00631.jpg
n,media/kills_only/loop_00632.jpg
e,media/kills_only/loop_00633.jpg
6,media/kills_only/loop_00634.jpg
9,media/kills_only/loop_00635.jpg
6,media/kills_only/loop_00636.jpg
6,media/kills_only/loop_00637.jpg
n,media/kills_only/loop_00638.jpg
2,media/kills_only/loop_00639.jpg
6,media/kills_only/loop_00640.jpg
6,media/kills_only/loop_00641.jpg
2,media/kills_only/loop_00642.jpg
9,media/kills_only/loop_00643.jpg
2,media/kills_only/loop_00644.jpg
2,media/kills_only/loop_00645.jpg
2,media/kills_only/loop_00646.jpg
2,media/kills_only/loop_00647.jpg
2,media/kills_only/loop_00648.jpg
6,media/kills_only/loop_00649.jpg
7,media/kills_only/loop_00650.jpg
7,media/kills_only/loop_00651.jpg
2,media/kills_only/loop_00652.jpg
2,media/kills_only/loop_00653.jpg
2,media/kills_only/loop_00654.jpg
9,media/kills_only/loop_00655.jpg
7,media/kills_only/loop_00656.jpg
2,media/kills_only/loop_00657.jpg
n,media/kills_only/loop_00658.jpg
2,media/kills_only/loop_00659.jpg
2,media/kills_only/loop_00660.jpg
2,media/kills_only/loop_00661.jpg
2,media/kills_only/loop_00662.jpg
2,media/kills_only/loop_00663.jpg
2,media/kills_only/loop_00664.jpg
2,media/kills_only/loop_00665.jpg
2,media/kills_only/loop_00666.jpg
2,media/kills_only/loop_00667.jpg
n,media/kills_only/loop_00668.jpg
8,media/kills_only/loop_00669.jpg
8,media/kills_only/loop_00670.jpg
8,media/kills_only/loop_00671.jpg
8,media/kills_only/loop_00672.jpg
9,media/kills_only/loop_00673.jpg
8,media/kills_only/loop_00674.jpg
8,media/kills_only/loop_00675.jpg
n,media/kills_only/loop_00676.jpg
9,media/kills_only/loop_00677.jpg
9,media/kills_only/loop_00678.jpg
9,media/kills_only/loop_00679.jpg
9,media/kills_only/loop_00680.jpg
9,media/kills_only/loop_00681.jpg
9,media/kills_only/loop_00682.jpg
9,media/kills_only/loop_00683.jpg
n,media/kills_only/loop_00684.jpg
7,media/kills_only/loop_00685.jpg
n,media/kills_only/loop_00686.jpg
10,media/kills_only/loop_00687.jpg
7,media/kills_only/loop_00688.jpg
7,media/kills_only/loop_00689.jpg
n,media/kills_only/loop_00690.jpg
10,media/kills_only/loop_00691.jpg
10,media/kills_only/loop_00692.jpg
8,media/kills_only/loop_00693.jpg
n,media/kills_only/loop_00694.jpg
10,media/kills_only/loop_00695.jpg
12,media/kills_only/loop_00696.jpg
12,media/kills_only/loop_00697.jpg
12,media/kills_only/loop_00698.jpg
12,media/kills_only/loop_00699.jpg
12,media/kills_only/loop_00700.jpg
12,media/kills_only/loop_00701.jpg
12,media/kills_only/loop_00702.jpg
12,media/kills_only/loop_00703.jpg
12,media/kills_only/loop_00704.jpg
8,media/kills_only/loop_00705.jpg
8,media/kills_only/loop_00706.jpg
9,media/kills_only/loop_00707.jpg
9,media/kills_only/loop_00708.jpg
9,media/kills_only/loop_00709.jpg
2,media/kills_only/loop_00710.jpg
10,media/kills_only/loop_00711.jpg
9,media/kills_only/loop_00712.jpg
9,media/kills_only/loop_00713.jpg
9,media/kills_only/loop_00714.jpg
9,media/kills_only/loop_00715.jpg
9,media/kills_only/loop_00716.jpg
9,media/kills_only/loop_00717.jpg
2,media/kills_only/loop_00718.jpg
9,media/kills_only/loop_00719.jpg
10,media/kills_only/loop_00720.jpg
2,media/kills_only/loop_00721.jpg
n,media/kills_only/loop_00722.jpg
9,media/kills_only/loop_00723.jpg
10,media/kills_only/loop_00724.jpg
n,media/kills_only/loop_00725.jpg
9,media/kills_only/loop_00726.jpg
10,media/kills_only/loop_00727.jpg
9,media/kills_only/loop_00728.jpg
9,media/kills_only/loop_00729.jpg
n,media/kills_only/loop_00730.jpg
9,media/kills_only/loop_00731.jpg
9,media/kills_only/loop_00732.jpg
9,media/kills_only/loop_00733.jpg
9,media/kills_only/loop_00734.jpg
1,media/kills_only/loop_00735.jpg
9,media/kills_only/loop_00736.jpg
9,media/kills_only/loop_00737.jpg
9,media/kills_only/loop_00738.jpg
9,media/kills_only/loop_00739.jpg
9,media/kills_only/loop_00740.jpg
9,media/kills_only/loop_00741.jpg
9,media/kills_only/loop_00742.jpg
9,media/kills_only/loop_00743.jpg
9,media/kills_only/loop_00744.jpg
9,media/kills_only/loop_00745.jpg
11,media/kills_only/loop_00746.jpg
n,media/kills_only/loop_00747.jpg
n,media/kills_only/loop_00748.jpg
n,media/kills_only/loop_00749.jpg
8,media/kills_only/loop_00750.jpg
8,media/kills_only/loop_00751.jpg
8,media/kills_only/loop_00752.jpg
n,media/kills_only/loop_00753.jpg
8,media/kills_only/loop_00754.jpg
n,media/kills_only/loop_00755.jpg
8,media/kills_only/loop_00756.jpg
n,media/kills_only/loop_00757.jpg
8,media/kills_only/loop_00758.jpg
8,media/kills_only/loop_00759.jpg
1,media/kills_only/loop_00760.jpg
1,media/kills_only/loop_00761.jpg
1,media/kills_only/loop_00762.jpg
1,media/kills_only/loop_00763.jpg
1,media/kills_only/loop_00764.jpg
5,media/kills_only/loop_00765.jpg
5,media/kills_only/loop_00766.jpg
5,media/kills_only/loop_00767.jpg
5,media/kills_only/loop_00768.jpg
5,media/kills_only/loop_00769.jpg
5,media/kills_only/loop_00770.jpg
5,media/kills_only/loop_00771.jpg
n,media/kills_only/loop_00772.jpg
5,media/kills_only/loop_00773.jpg
5,media/kills_only/loop_00774.jpg
5,media/kills_only/loop_00775.jpg
5,media/kills_only/loop_00776.jpg
5,media/kills_only/loop_00777.jpg
b,media/kills_only/loop_00778.jpg
10,media/kills_only/loop_00779.jpg
n,media/kills_only/loop_00780.jpg
7,media/kills_only/loop_00781.jpg
7,media/kills_only/loop_00782.jpg
7,media/kills_only/loop_00783.jpg
7,media/kills_only/loop_00784.jpg
10,media/kills_only/loop_00785.jpg
7,media/kills_only/loop_00786.jpg
7,media/kills_only/loop_00787.jpg
10,media/kills_only/loop_00788.jpg
7,media/kills_only/loop_00789.jpg
7,media/kills_only/loop_00790.jpg
10,media/kills_only/loop_00791.jpg
7,media/kills_only/loop_00792.jpg
7,media/kills_only/loop_00793.jpg
7,media/kills_only/loop_00794.jpg
7,media/kills_only/loop_00795.jpg
10,media/kills_only/loop_00796.jpg
10,media/kills_only/loop_00797.jpg
n,media/kills_only/loop_00798.jpg
10,media/kills_only/loop_00799.jpg
7,media/kills_only/loop_00800.jpg
7,media/kills_only/loop_00801.jpg
7,media/kills_only/loop_00802.jpg
7,media/kills_only/loop_00803.jpg
7,media/kills_only/loop_00804.jpg
11,media/kills_only/loop_00805.jpg
7,media/kills_only/loop_00806.jpg
7,media/kills_only/loop_00807.jpg
7,media/kills_only/loop_00808.jpg
7,media/kills_only/loop_00809.jpg
7,media/kills_only/loop_00810.jpg
11,media/kills_only/loop_00811.jpg
7,media/kills_only/loop_00812.jpg
7,media/kills_only/loop_00813.jpg
7,media/kills_only/loop_00814.jpg
7,media/kills_only/loop_00815.jpg
7,media/kills_only/loop_00816.jpg
7,media/kills_only/loop_00817.jpg
7,media/kills_only/loop_00818.jpg
7,media/kills_only/loop_00819.jpg
7,media/kills_only/loop_00820.jpg
11,media/kills_only/loop_00821.jpg
7,media/kills_only/loop_00822.jpg
7,media/kills_only/loop_00823.jpg
7,media/kills_only/loop_00824.jpg
8,media/kills_only/loop_00825.jpg
8,media/kills_only/loop_00826.jpg
11,media/kills_only/loop_00827.jpg
n,media/kills_only/loop_00828.jpg
8,media/kills_only/loop_00829.jpg
8,media/kills_only/loop_00830.jpg
8,media/kills_only/loop_00831.jpg
8,media/kills_only/loop_00832.jpg
9,media/kills_only/loop_00833.jpg
9,media/kills_only/loop_00834.jpg
9,media/kills_only/loop_00835.jpg
9,media/kills_only/loop_00836.jpg
9,media/kills_only/loop_00837.jpg
11,media/kills_only/loop_00838.jpg
9,media/kills_only/loop_00839.jpg
9,media/kills_only/loop_00840.jpg
9,media/kills_only/loop_00841.jpg
9,media/kills_only/loop_00842.jpg
9,media/kills_only/loop_00843.jpg
9,media/kills_only/loop_00844.jpg
9,media/kills_only/loop_00845.jpg
10,media/kills_only/loop_00846.jpg
10,media/kills_only/loop_00847.jpg
10,media/kills_only/loop_00848.jpg
10,media/kills_only/loop_00849.jpg
10,media/kills_only/loop_00850.jpg
10,media/kills_only/loop_00851.jpg
10,media/kills_only/loop_00852.jpg
b,media/kills_only/loop_00853.jpg
10,media/kills_only/loop_00854.jpg
10,media/kills_only/loop_00855.jpg
10,media/kills_only/loop_00856.jpg
10,media/kills_only/loop_00857.jpg
10,media/kills_only/loop_00858.jpg
10,media/kills_only/loop_00859.jpg
n,media/kills_only/loop_00860.jpg
10,media/kills_only/loop_00861.jpg
10,media/kills_only/loop_00862.jpg
10,media/kills_only/loop_00863.jpg
10,media/kills_only/loop_00864.jpg
10,media/kills_only/loop_00865.jpg
10,media/kills_only/loop_00866.jpg
10,media/kills_only/loop_00867.jpg
b,media/kills_only/loop_00868.jpg
10,media/kills_only/loop_00869.jpg
10,media/kills_only/loop_00870.jpg
10,media/kills_only/loop_00871.jpg
11,media/kills_only/loop_00872.jpg
n,media/kills_only/loop_00873.jpg
10,media/kills_only/loop_00874.jpg
10,media/kills_only/loop_00875.jpg
10,media/kills_only/loop_00876.jpg
10,media/kills_only/loop_00877.jpg
10,media/kills_only/loop_00878.jpg
10,media/kills_only/loop_00879.jpg
10,media/kills_only/loop_00880.jpg
10,media/kills_only/loop_00881.jpg
10,media/kills_only/loop_00882.jpg
10,media/kills_only/loop_00883.jpg
10,media/kills_only/loop_00884.jpg
10,media/kills_only/loop_00885.jpg
10,media/kills_only/loop_00886.jpg
10,media/kills_only/loop_00887.jpg
10,media/kills_only/loop_00888.jpg
11,media/kills_only/loop_00889.jpg
10,media/kills_only/loop_00890.jpg
10,media/kills_only/loop_00891.jpg
10,media/kills_only/loop_00892.jpg
10,media/kills_only/loop_00893.jpg
10,media/kills_only/loop_00894.jpg
10,media/kills_only/loop_00895.jpg
11,media/kills_only/loop_00896.jpg
11,media/kills_only/loop_00897.jpg
n,media/kills_only/loop_00898.jpg
11,media/kills_only/loop_00899.jpg
11,media/kills_only/loop_00900.jpg
11,media/kills_only/loop_00901.jpg
11,media/kills_only/loop_00902.jpg
11,media/kills_only/loop_00903.jpg
11,media/kills_only/loop_00904.jpg
12,media/kills_only/loop_00905.jpg
12,media/kills_only/loop_00906.jpg
12,media/kills_only/loop_00907.jpg
12,media/kills_only/loop_00908.jpg
12,media/kills_only/loop_00909.jpg
11,media/kills_only/loop_00910.jpg
12,media/kills_only/loop_00911.jpg
12,media/kills_only/loop_00912.jpg
12,media/kills_only/loop_00913.jpg
12,media/kills_only/loop_00914.jpg
12,media/kills_only/loop_00915.jpg
12,media/kills_only/loop_00916.jpg
12,media/kills_only/loop_00917.jpg
11,media/kills_only/loop_00918.jpg
12,media/kills_only/loop_00919.jpg
12,media/kills_only/loop_00920.jpg
12,media/kills_only/loop_00921.jpg
12,media/kills_only/loop_00922.jpg
12,media/kills_only/loop_00923.jpg
11,media/kills_only/loop_00924.jpg
12,media/kills_only/loop_00925.jpg
12,media/kills_only/loop_00926.jpg
12,media/kills_only/loop_00927.jpg
12,media/kills_only/loop_00928.jpg
12,media/kills_only/loop_00929.jpg
12,media/kills_only/loop_00930.jpg
12,media/kills_only/loop_00931.jpg
12,media/kills_only/loop_00932.jpg
12,media/kills_only/loop_00933.jpg
12,media/kills_only/loop_00934.jpg
12,media/kills_only/loop_00935.jpg
12,media/kills_only/loop_00936.jpg
12,media/kills_only/loop_00937.jpg
12,media/kills_only/loop_00938.jpg
12,media/kills_only/loop_00939.jpg
12,media/kills_only/loop_00940.jpg
13,media/kills_only/loop_00941.jpg
13,media/kills_only/loop_00942.jpg
13,media/kills_only/loop_00943.jpg
13,media/kills_only/loop_00944.jpg
13,media/kills_only/loop_00945.jpg
13,media/kills_only/loop_00946.jpg
n,media/kills_only/loop_00947.jpg
n,media/kills_only/loop_00948.jpg
13,media/kills_only/loop_00949.jpg
13,media/kills_only/loop_00950.jpg
13,media/kills_only/loop_00951.jpg
13,media/kills_only/loop_00952.jpg
13,media/kills_only/loop_00953.jpg
n,media/kills_only/loop_00954.jpg
13,media/kills_only/loop_00955.jpg
n,media/kills_only/loop_00956.jpg
n,media/kills_only/loop_00957.jpg
13,media/kills_only/loop_00958.jpg
13,media/kills_only/loop_00959.jpg
13,media/kills_only/loop_00960.jpg
13,media/kills_only/loop_00961.jpg
13,media/kills_only/loop_00962.jpg
13,media/kills_only/loop_00963.jpg
13,media/kills_only/loop_00964.jpg
13,media/kills_only/loop_00965.jpg
13,media/kills_only/loop_00966.jpg
13,media/kills_only/loop_00967.jpg
13,media/kills_only/loop_00968.jpg
13,media/kills_only/loop_00969.jpg
13,media/kills_only/loop_00970.jpg
13,media/kills_only/loop_00971.jpg
13,media/kills_only/loop_00972.jpg
13,media/kills_only/loop_00973.jpg
13,media/kills_only/loop_00974.jpg
13,media/kills_only/loop_00975.jpg
13,media/kills_only/loop_00976.jpg
13,media/kills_only/loop_00977.jpg
13,media/kills_only/loop_00978.jpg
13,media/kills_only/loop_00979.jpg
13,media/kills_only/loop_00980.jpg
13,media/kills_only/loop_00981.jpg
13,media/kills_only/loop_00982.jpg
b,media/kills_only/loop_00983.jpg
13,media/kills_only/loop_00984.jpg
13,media/kills_only/loop_00985.jpg
13,media/kills_only/loop_00986.jpg
13,media/kills_only/loop_00987.jpg
13,media/kills_only/loop_00988.jpg
13,media/kills_only/loop_00989.jpg
13,media/kills_only/loop_00990.jpg
n,media/kills_only/loop_00991.jpg
13,media/kills_only/loop_00992.jpg
13,media/kills_only/loop_00993.jpg
n,media/kills_only/loop_00994.jpg
13,media/kills_only/loop_00995.jpg
13,media/kills_only/loop_00996.jpg
13,media/kills_only/loop_00997.jpg
13,media/kills_only/loop_00998.jpg
1,media/kills_only/loop_00999.jpg
n,media/kills_only/loop_01000.jpg
1,media/kills_only/loop_01001.jpg
2,media/kills_only/loop_01002.jpg
6,media/kills_only/loop_01003.jpg
8,media/kills_only/loop_01004.jpg
8,media/kills_only/loop_01005.jpg
8,media/kills_only/loop_01006.jpg
7,media/kills_only/loop_01007.jpg
10,media/kills_only/loop_01008.jpg
10,media/kills_only/loop_01009.jpg
10,media/kills_only/loop_01010.jpg
10,media/kills_only/loop_01011.jpg
10,media/kills_only/loop_01012.jpg
n,media/kills_only/loop_01013.jpg
10,media/kills_only/loop_01014.jpg
10,media/kills_only/loop_01015.jpg
10,media/kills_only/loop_01016.jpg
10,media/kills_only/loop_01017.jpg
10,media/kills_only/loop_01018.jpg
n,media/kills_only/loop_01019.jpg
10,media/kills_only/loop_01020.jpg
10,media/kills_only/loop_01021.jpg
10,media/kills_only/loop_01022.jpg
10,media/kills_only/loop_01023.jpg
10,media/kills_only/loop_01024.jpg
10,media/kills_only/loop_01025.jpg
10,media/kills_only/loop_01026.jpg
10,media/kills_only/loop_01027.jpg
10,media/kills_only/loop_01028.jpg
10,media/kills_only/loop_01029.jpg
7,media/kills_only/loop_01030.jpg
n,media/kills_only/loop_01031.jpg
n,media/kills_only/loop_01032.jpg
n,media/kills_only/loop_01033.jpg
n,media/kills_only/loop_01034.jpg
n,media/kills_only/loop_01035.jpg
n,media/kills_only/loop_01036.jpg
n,media/kills_only/loop_01037.jpg
n,media/kills_only/loop_01038.jpg
n,media/kills_only/loop_01039.jpg
n,media/kills_only/loop_01040.jpg
n,media/kills_only/loop_01041.jpg
n,media/kills_only/loop_01042.jpg
n,media/kills_only/loop_01043.jpg
n,media/kills_only/loop_01044.jpg
n,media/kills_only/loop_01045.jpg
n,media/kills_only/loop_01046.jpg
n,media/kills_only/loop_01047.jpg
n,media/kills_only/loop_01048.jpg
n,media/kills_only/loop_01049.jpg
n,media/kills_only/loop_01050.jpg
n,media/kills_only/loop_01051.jpg
n,media/kills_only/loop_01052.jpg
n,media/kills_only/loop_01053.jpg
n,media/kills_only/loop_01054.jpg
n,media/kills_only/loop_01055.jpg
n,media/kills_only/loop_01056.jpg
n,media/kills_only/loop_01057.jpg
7,media/kills_only/loop_01058.jpg
n,media/kills_only/loop_01059.jpg
n,media/kills_only/loop_01060.jpg
n,media/kills_only/loop_01061.jpg
n,media/kills_only/loop_01062.jpg
n,media/kills_only/loop_01063.jpg
n,media/kills_only/loop_01064.jpg
7,media/kills_only/loop_01065.jpg
n,media/kills_only/loop_01066.jpg
n,media/kills_only/loop_01067.jpg
n,media/kills_only/loop_01068.jpg
n,media/kills_only/loop_01069.jpg
n,media/kills_only/loop_01070.jpg
n,media/kills_only/loop_01071.jpg
1,media/kills_only/loop_01072.jpg
1,media/kills_only/loop_01073.jpg
1,media/kills_only/loop_01074.jpg
1,media/kills_only/loop_01075.jpg
12,media/kills_only/loop_01076.jpg
12,media/kills_only/loop_01077.jpg
14,media/kills_only/loop_01078.jpg
14,media/kills_only/loop_01079.jpg
14,media/kills_only/loop_01080.jpg
14,media/kills_only/loop_01081.jpg
n,media/kills_only/loop_01082.jpg
14,media/kills_only/loop_01083.jpg
b,media/kills_only/loop_01084.jpg
n,media/kills_only/loop_01085.jpg
14,media/kills_only/loop_01086.jpg
15,media/kills_only/loop_01087.jpg
15,media/kills_only/loop_01088.jpg
15,media/kills_only/loop_01089.jpg
15,media/kills_only/loop_01090.jpg
16,media/kills_only/loop_01091.jpg
16,media/kills_only/loop_01092.jpg
7,media/kills_only/loop_01093.jpg
17,media/kills_only/loop_01094.jpg
17,media/kills_only/loop_01095.jpg
17,media/kills_only/loop_01096.jpg
n,media/kills_only/loop_01097.jpg
17,media/kills_only/loop_01098.jpg
17,media/kills_only/loop_01099.jpg
17,media/kills_only/loop_01100.jpg
17,media/kills_only/loop_01101.jpg
17,media/kills_only/loop_01102.jpg
17,media/kills_only/loop_01103.jpg
17,media/kills_only/loop_01104.jpg
18,media/kills_only/loop_01105.jpg
18,media/kills_only/loop_01106.jpg
2,media/kills_only/loop_01107.jpg
2,media/kills_only/loop_01108.jpg
n,media/kills_only/loop_01109.jpg
8,media/kills_only/loop_01110.jpg
1,media/kills_only/loop_01111.jpg
1,media/kills_only/loop_01112.jpg
8,media/kills_only/loop_01113.jpg
n,media/kills_only/loop_01114.jpg
1,media/kills_only/loop_01115.jpg
8,media/kills_only/loop_01116.jpg
e,media/kills_only/loop_01117.jpg
n,media/kills_only/loop_01118.jpg
8,media/kills_only/loop_01119.jpg
8,media/kills_only/loop_01120.jpg
0,media/kills_only/loop_01121.jpg
0,media/kills_only/loop_01122.jpg
0,media/kills_only/loop_01123.jpg
n,media/kills_only/loop_01124.jpg
0,media/kills_only/loop_01125.jpg
0,media/kills_only/loop_01126.jpg
8,media/kills_only/loop_01127.jpg
b,media/kills_only/loop_01128.jpg
8,media/kills_only/loop_01129.jpg
n,media/kills_only/loop_01130.jpg
8,media/kills_only/loop_01131.jpg
1,media/kills_only/loop_01132.jpg
1,media/kills_only/loop_01133.jpg
1,media/kills_only/loop_01134.jpg
1,media/kills_only/loop_01135.jpg
1,media/kills_only/loop_01136.jpg
1,media/kills_only/loop_01137.jpg
1,media/kills_only/loop_01138.jpg
1,media/kills_only/loop_01139.jpg
1,media/kills_only/loop_01140.jpg
1,media/kills_only/loop_01141.jpg
1,media/kills_only/loop_01142.jpg
1,media/kills_only/loop_01143.jpg
1,media/kills_only/loop_01144.jpg
1,media/kills_only/loop_01145.jpg
1,media/kills_only/loop_01146.jpg
1,media/kills_only/loop_01147.jpg
1,media/kills_only/loop_01148.jpg
1,media/kills_only/loop_01149.jpg
1,media/kills_only/loop_01150.jpg
1,media/kills_only/loop_01151.jpg
1,media/kills_only/loop_01152.jpg
1,media/kills_only/loop_01153.jpg
1,media/kills_only/loop_01154.jpg
12,media/kills_only/loop_01155.jpg
1,media/kills_only/loop_01156.jpg
1,media/kills_only/loop_01157.jpg
1,media/kills_only/loop_01158.jpg
1,media/kills_only/loop_01159.jpg
1,media/kills_only/loop_01160.jpg
1,media/kills_only/loop_01161.jpg
1,media/kills_only/loop_01162.jpg
1,media/kills_only/loop_01163.jpg
1,media/kills_only/loop_01164.jpg
1,media/kills_only/loop_01165.jpg
1,media/kills_only/loop_01166.jpg
1,media/kills_only/loop_01167.jpg
1,media/kills_only/loop_01168.jpg
1,media/kills_only/loop_01169.jpg
1,media/kills_only/loop_01170.jpg
2,media/kills_only/loop_01171.jpg
2,media/kills_only/loop_01172.jpg
2,media/kills_only/loop_01173.jpg
12,media/kills_only/loop_01174.jpg
n,media/kills_only/loop_01175.jpg
2,media/kills_only/loop_01176.jpg
2,media/kills_only/loop_01177.jpg
12,media/kills_only/loop_01178.jpg
2,media/kills_only/loop_01179.jpg
2,media/kills_only/loop_01180.jpg
2,media/kills_only/loop_01181.jpg
12,media/kills_only/loop_01182.jpg
2,media/kills_only/loop_01183.jpg
2,media/kills_only/loop_01184.jpg
12,media/kills_only/loop_01185.jpg
2,media/kills_only/loop_01186.jpg
2,media/kills_only/loop_01187.jpg
2,media/kills_only/loop_01188.jpg
2,media/kills_only/loop_01189.jpg
2,media/kills_only/loop_01190.jpg
2,media/kills_only/loop_01191.jpg
2,media/kills_only/loop_01192.jpg
2,media/kills_only/loop_01193.jpg
12,media/kills_only/loop_01194.jpg
2,media/kills_only/loop_01195.jpg
2,media/kills_only/loop_01196.jpg
2,media/kills_only/loop_01197.jpg
3,media/kills_only/loop_01198.jpg
12,media/kills_only/loop_01199.jpg
3,media/kills_only/loop_01200.jpg
12,media/kills_only/loop_01201.jpg
4,media/kills_only/loop_01202.jpg
4,media/kills_only/loop_01203.jpg
4,media/kills_only/loop_01204.jpg
12,media/kills_only/loop_01205.jpg
4,media/kills_only/loop_01206.jpg
4,media/kills_only/loop_01207.jpg
4,media/kills_only/loop_01208.jpg
12,media/kills_only/loop_01209.jpg
12,media/kills_only/loop_01210.jpg
12,media/kills_only/loop_01211.jpg
12,media/kills_only/loop_01212.jpg
12,media/kills_only/loop_01213.jpg
12,media/kills_only/loop_01214.jpg
n,media/kills_only/loop_01215.jpg
12,media/kills_only/loop_01216.jpg
12,media/kills_only/loop_01217.jpg
12,media/kills_only/loop_01218.jpg
n,media/kills_only/loop_01219.jpg
8,media/kills_only/loop_01220.jpg
n,media/kills_only/loop_01221.jpg
9,media/kills_only/loop_01222.jpg
9,media/kills_only/loop_01223.jpg
9,media/kills_only/loop_01224.jpg
9,media/kills_only/loop_01225.jpg
n,media/kills_only/loop_01226.jpg
9,media/kills_only/loop_01227.jpg
9,media/kills_only/loop_01228.jpg
n,media/kills_only/loop_01229.jpg
9,media/kills_only/loop_01230.jpg
9,media/kills_only/loop_01231.jpg
11,media/kills_only/loop_01232.jpg
11,media/kills_only/loop_01233.jpg
11,media/kills_only/loop_01234.jpg
11,media/kills_only/loop_01235.jpg
11,media/kills_only/loop_01236.jpg
11,media/kills_only/loop_01237.jpg
11,media/kills_only/loop_01238.jpg
12,media/kills_only/loop_01239.jpg
12,media/kills_only/loop_01240.jpg
12,media/kills_only/loop_01241.jpg
12,media/kills_only/loop_01242.jpg
12,media/kills_only/loop_01243.jpg
12,media/kills_only/loop_01244.jpg
2,media/kills_only/loop_01245.jpg
2,media/kills_only/loop_01246.jpg
6,media/kills_only/loop_01247.jpg
2,media/kills_only/loop_01248.jpg
6,media/kills_only/loop_01249.jpg
2,media/kills_only/loop_01250.jpg
6,media/kills_only/loop_01251.jpg
6,media/kills_only/loop_01252.jpg
6,media/kills_only/loop_01253.jpg
6,media/kills_only/loop_01254.jpg
6,media/kills_only/loop_01255.jpg
6,media/kills_only/loop_01256.jpg
6,media/kills_only/loop_01257.jpg
6,media/kills_only/loop_01258.jpg
6,media/kills_only/loop_01259.jpg
6,media/kills_only/loop_01260.jpg
6,media/kills_only/loop_01261.jpg
2,media/kills_only/loop_01262.jpg
2,media/kills_only/loop_01263.jpg
2,media/kills_only/loop_01264.jpg
6,media/kills_only/loop_01265.jpg
6,media/kills_only/loop_01266.jpg
2,media/kills_only/loop_01267.jpg
6,media/kills_only/loop_01268.jpg
6,media/kills_only/loop_01269.jpg
7,media/kills_only/loop_01270.jpg
8,media/kills_only/loop_01271.jpg
n,media/kills_only/loop_01272.jpg
9,media/kills_only/loop_01273.jpg
2,media/kills_only/loop_01274.jpg
2,media/kills_only/loop_01275.jpg
2,media/kills_only/loop_01276.jpg
2,media/kills_only/loop_01277.jpg
2,media/kills_only/loop_01278.jpg
9,media/kills_only/loop_01279.jpg
9,media/kills_only/loop_01280.jpg
2,media/kills_only/loop_01281.jpg
2,media/kills_only/loop_01282.jpg
9,media/kills_only/loop_01283.jpg
9,media/kills_only/loop_01284.jpg
n,media/kills_only/loop_01285.jpg
2,media/kills_only/loop_01286.jpg
9,media/kills_only/loop_01287.jpg
10,media/kills_only/loop_01288.jpg
2,media/kills_only/loop_01289.jpg
10,media/kills_only/loop_01290.jpg
10,media/kills_only/loop_01291.jpg
10,media/kills_only/loop_01292.jpg
10,media/kills_only/loop_01293.jpg
10,media/kills_only/loop_01294.jpg
10,media/kills_only/loop_01295.jpg
n,media/kills_only/loop_01296.jpg
2,media/kills_only/loop_01297.jpg
10,media/kills_only/loop_01298.jpg
10,media/kills_only/loop_01299.jpg
10,media/kills_only/loop_01300.jpg
10,media/kills_only/loop_01301.jpg
n,media/kills_only/loop_01302.jpg
b,media/kills_only/loop_01303.jpg
n,media/kills_only/loop_01304.jpg
10,media/kills_only/loop_01305.jpg
10,media/kills_only/loop_01306.jpg
10,media/kills_only/loop_01307.jpg
10,media/kills_only/loop_01308.jpg
10,media/kills_only/loop_01309.jpg
e,media/kills_only/loop_01310.jpg
10,media/kills_only/loop_01311.jpg
n,media/kills_only/loop_01312.jpg
10,media/kills_only/loop_01313.jpg
10,media/kills_only/loop_01314.jpg
10,media/kills_only/loop_01315.jpg
10,media/kills_only/loop_01316.jpg
b,media/kills_only/loop_01317.jpg
10,media/kills_only/loop_01318.jpg
10,media/kills_only/loop_01319.jpg
10,media/kills_only/loop_01320.jpg
10,media/kills_only/loop_01321.jpg
n,media/kills_only/loop_01322.jpg
n,media/kills_only/loop_01323.jpg
5,media/kills_only/loop_01324.jpg
5,media/kills_only/loop_01325.jpg
5,media/kills_only/loop_01326.jpg
5,media/kills_only/loop_01327.jpg
n,media/kills_only/loop_01328.jpg
5,media/kills_only/loop_01329.jpg
5,media/kills_only/loop_01330.jpg
5,media/kills_only/loop_01331.jpg
5,media/kills_only/loop_01332.jpg
5,media/kills_only/loop_01333.jpg
5,media/kills_only/loop_01334.jpg
n,media/kills_only/loop_01335.jpg
5,media/kills_only/loop_01336.jpg
5,media/kills_only/loop_01337.jpg
5,media/kills_only/loop_01338.jpg
5,media/kills_only/loop_01339.jpg
5,media/kills_only/loop_01340.jpg
5,media/kills_only/loop_01341.jpg
5,media/kills_only/loop_01342.jpg
5,media/kills_only/loop_01343.jpg
5,media/kills_only/loop_01344.jpg
5,media/kills_only/loop_01345.jpg
5,media/kills_only/loop_01346.jpg
5,media/kills_only/loop_01347.jpg
n,media/kills_only/loop_01348.jpg
e,media/kills_only/loop_01349.jpg
e,media/kills_only/loop_01350.jpg
e,media/kills_only/loop_01351.jpg
5,media/kills_only/loop_01352.jpg
5,media/kills_only/loop_01353.jpg
9,media/kills_only/loop_01354.jpg
9,media/kills_only/loop_01355.jpg
9,media/kills_only/loop_01356.jpg
9,media/kills_only/loop_01357.jpg
9,media/kills_only/loop_01358.jpg
10,media/kills_only/loop_01359.jpg
n,media/kills_only/loop_01360.jpg
10,media/kills_only/loop_01361.jpg
10,media/kills_only/loop_01362.jpg
n,media/kills_only/loop_01363.jpg
n,media/kills_only/loop_01364.jpg
10,media/kills_only/loop_01365.jpg
10,media/kills_only/loop_01366.jpg
10,media/kills_only/loop_01367.jpg
10,media/kills_only/loop_01368.jpg
10,media/kills_only/loop_01369.jpg
10,media/kills_only/loop_01370.jpg
10,media/kills_only/loop_01371.jpg
10,media/kills_only/loop_01372.jpg
10,media/kills_only/loop_01373.jpg
10,media/kills_only/loop_01374.jpg
10,media/kills_only/loop_01375.jpg
10,media/kills_only/loop_01376.jpg
10,media/kills_only/loop_01377.jpg
10,media/kills_only/loop_01378.jpg
10,media/kills_only/loop_01379.jpg
10,media/kills_only/loop_01380.jpg
n,media/kills_only/loop_01381.jpg
10,media/kills_only/loop_01382.jpg
10,media/kills_only/loop_01383.jpg
n,media/kills_only/loop_01384.jpg
n,media/kills_only/loop_01385.jpg
10,media/kills_only/loop_01386.jpg
10,media/kills_only/loop_01387.jpg
10,media/kills_only/loop_01388.jpg
11,media/kills_only/loop_01389.jpg
n,media/kills_only/loop_01390.jpg
11,media/kills_only/loop_01391.jpg
11,media/kills_only/loop_01392.jpg
n,media/kills_only/loop_01393.jpg
n,media/kills_only/loop_01394.jpg
11,media/kills_only/loop_01395.jpg
11,media/kills_only/loop_01396.jpg
11,media/kills_only/loop_01397.jpg
11,media/kills_only/loop_01398.jpg
11,media/kills_only/loop_01399.jpg
11,media/kills_only/loop_01400.jpg
11,media/kills_only/loop_01401.jpg
19,media/kills_only/loop_01402.jpg
19,media/kills_only/loop_01403.jpg
11,media/kills_only/loop_01404.jpg
11,media/kills_only/loop_01405.jpg
12,media/kills_only/loop_01406.jpg
12,media/kills_only/loop_01407.jpg
12,media/kills_only/loop_01408.jpg
12,media/kills_only/loop_01409.jpg
12,media/kills_only/loop_01410.jpg
12,media/kills_only/loop_01411.jpg
13,media/kills_only/loop_01412.jpg
13,media/kills_only/loop_01413.jpg
14,media/kills_only/loop_01414.jpg
14,media/kills_only/loop_01415.jpg
14,media/kills_only/loop_01416.jpg
14,media/kills_only/loop_01417.jpg
14,media/kills_only/loop_01418.jpg
14,media/kills_only/loop_01419.jpg
14,media/kills_only/loop_01420.jpg
14,media/kills_only/loop_01421.jpg
14,media/kills_only/loop_01422.jpg
14,media/kills_only/loop_01423.jpg
b,media/kills_only/loop_01424.jpg
14,media/kills_only/loop_01425.jpg
14,media/kills_only/loop_01426.jpg
14,media/kills_only/loop_01427.jpg
n,media/kills_only/loop_01428.jpg
n,media/kills_only/loop_01429.jpg
n,media/kills_only/loop_01430.jpg
n,media/kills_only/loop_01431.jpg
n,media/kills_only/loop_01432.jpg
